{
  "r2_score_test": 0.9993466428288227,
  "r2_score_train": 0.9998198419935956
}