{
  "r2_score_test": 0.9960766928978034,
  "r2_score_train": 0.9987958915796845
}