{
  "r2_score_test": 0.9971108605169825,
  "r2_score_train": 0.9991017574347424
}